{"stats":{"minecraft:killed":{"minecraft:bat":1,"minecraft:zombie_villager":1},"minecraft:custom":{"minecraft:time_since_rest":19529,"minecraft:open_chest":1,"minecraft:crouch_one_cm":342,"minecraft:sprint_one_cm":7109,"minecraft:play_time":19529,"minecraft:walk_one_cm":10423,"minecraft:sneak_time":555,"minecraft:walk_under_water_one_cm":343,"minecraft:mob_kills":2,"minecraft:jump":62,"minecraft:damage_dealt":368,"minecraft:leave_game":2,"minecraft:walk_on_water_one_cm":2737,"minecraft:time_since_death":19529,"minecraft:total_world_time":19529,"minecraft:fly_one_cm":13517},"minecraft:used":{"minecraft:birch_fence":6,"minecraft:diamond_chestplate":1,"sophisticatedbackpacks:backpack":2,"minecraft:diamond_boots":1,"minecraft:villager_spawn_egg":1,"cgm:shotgun":2,"cgm:pistol":2,"minecraft:netherite_axe":3,"minecraft:diamond_helmet":1,"cgm:rifle":2,"minecraft:stone":11,"minecraft:diamond_leggings":1}},"DataVersion":3465}